/* username, nome, localidade, pass, email, profissão, foto, tipo, estado */
INSERT INTO Editor VALUES('JC_1993','Joao Cardoso','Bragança','987654321','jc_92@gmail.com','jornalista','/~lbaw1353/proto/images/assets/default.png','moderador','normal');
INSERT INTO Editor VALUES('wSoAwN','Wilson Santos','Viana do Casttelo','987654321','wsan@gmail.com','Professor Universitario','/~lbaw1353/proto/images/assets/default.png','moderador','normal');    
INSERT INTO Editor VALUES('SrPinto','Luis Pinto','Porto','987654321','luispinto@gmail.com','Jogador de Hóquei','/~lbaw1353/proto/images/assets/default.png','moderador','normal');  
INSERT INTO Editor VALUES('ferreirinha','Fabio Ferreira','Lisboa','987654321','ferreirinha@sapo.pt','Enologo','/~lbaw1353/proto/images/assets/default.png','moderador','normal');  
INSERT INTO Editor VALUES('geof222','Geoffrey Smith','New Jersey','IGZ62ZKX9KL','ut.mi.Duis@tempor.ca','desempregado','/~lbaw1353/proto/images/assets/default.png','editor','normal');
INSERT INTO Editor VALUES('superDavis','Simon Davis','Grand-Hottomont','SAI17IAQ2YU','eget@Suspendissealiquet.org','fotografo','/~lbaw1353/proto/images/assets/default.png','editor','normal');
INSERT INTO Editor VALUES('willimwall','William Wallace','Termini Imerese','ZGN89CEI2RF','per@non.edu','policia','/~lbaw1353/proto/images/assets/default.png','editor','normal');
INSERT INTO Editor VALUES('iamaspy','Jonh Reese','Los Angeles','DEQ45BAO8MJ','nonummy@arcuacorci.com','estudante','/~lbaw1353/proto/images/assets/default.png','editor','bantemp');
INSERT INTO Editor VALUES('tomscousin','Zane Cruise','Fort Saskatchewan','GQC66SBZ5QP','odio.Phasellus@magnaatortor.net','actor','/~lbaw1353/proto/images/assets/default.png','editor','normal');
INSERT INTO Editor VALUES('DiCaprio','Leonardo di Caprio','Lens-Saint-Remy','ELT31TCU0DE','dui.augue@afelis.edu','actor','/~lbaw1353/proto/images/assets/default.png','editor','normal');
INSERT INTO Editor VALUES('donovan_95','Raymond Donova','California','JOR64XHP8RU','ipsum.Phasellus@Namac.ca','art student','/~lbaw1353/proto/images/assets/default.png', 'editor', 'normal');
INSERT INTO Editor VALUES('JG_1968','Jorge Gabriel','Hull','LYA56WRS6GB','jorgeGabriel@rtp.pt','Apresentador','/~lbaw1353/proto/images/assets/default.png', 'editor','bantemp');
INSERT INTO Editor VALUES('wolowizard','Erich Howard','Mumbai','UIB06QIM5KS','nulla@acfermentumvel.co.uk','student','/~lbaw1353/proto/images/assets/default.png', 'editor', 'bantemp');
INSERT INTO Editor VALUES('HardenOP','James Harden','Houston','QLO99FBN3YB','consectetuer@gravidamaurisut.edu','gerente','/~lbaw1353/proto/images/assets/default.png','editor','normal'); 
INSERT INTO Editor VALUES('JPLeitao','Joaquim Pinto Leitao','Mealhada','leitoes_desde_1893','JPLeitao@LeitaoeFilhosLDA.pt','criador de suinos','/~lbaw1353/proto/images/assets/default.png','editor','normal');
INSERT INTO Editor VALUES('Zezinho_11','Ze Anotnio','Aljezur','eusoufixe','zezinho@yarr.com','estudante','/~lbaw1353/proto/images/assets/default.png','editor','normal');
INSERT INTO Editor VALUES('PMoreira','Pedro Moreira','Guarda','aR85EcH9a','pMoreira@sapo.pt','Taxista','/~lbaw1353/proto/images/assets/default.png','editor','normal');
INSERT INTO Editor VALUES('AAntunesD','Diogo Andrade Antunes','Vila Real de Santo Antonio','sadsad455','yarr@sapo.pt','estudante','/~lbaw1353/proto/images/assets/default.png','editor','ban');
INSERT INTO Editor VALUES('JoaoCP','Joao Castro Pato','Guimaraes','147258369','joaocastrop2@yarr.com','Barman','/~lbaw1353/proto/images/assets/default.png','editor','normal');
INSERT INTO Editor VALUES('NunoFer','Nuno Ferreira','Lisboa','NunoFerr','nuninho@yarr.com','escritor','/~lbaw1353/proto/images/assets/default.png','editor','bantemp');

INSERT INTO Noticia VALUES(DEFAULT,'O médio Mario Rodríguez está a dar que falar na imprensa internacional depois de ter apontado o golo que deu aos juvenis do Real Madrid o título de campeão mundial de clubes em sub-17, frente ao Corinthians.
Decorria a segunda parte quando o centrocampista rompeu pelo lado esquerdo do ataque, passou por três adversários e rematou para o fundo das redes. Um golo para ver e rever e que atesta a qualidade do jovem espanhol, que é tido com um dos mais promissores talentos da cantera do Real Madrid. ','Mario Rodríguez brilhou no Mundial Sub-17 de clubes','2014-06-06','http://www.abola.pt/img/fotos/dr/2014/mariorodriguez.jpg',0,'JC_1993');
INSERT INTO Noticia VALUES(DEFAULT,'Há ladrões que não têm a noção do ridículo! Quem é que não conhece as Go Pro?", diz Malcom Fox na página de YouTube onde foi difundido o filme. ','Ciclista filma momento em que é assaltado','2014-06-06','<iframe width="640" height="360" src="//www.youtube.com/embed/ECs8ZrmH8D8?feature=player_embedded" frameborder="0" allowfullscreen></iframe>',0,'SrPinto');
INSERT INTO Noticia VALUES(DEFAULT,'Estou com receio de que possamos voltar a uma guerra fria. Isto está complicado!
	','Obama dá um mês a Putin para "voltar ao caminho da lei internacional"','2014-05-06','http://imagens9.publico.pt/imagens.aspx/844009?tp=UH&db=IMAGENS&w=749',0,'wSoAwN');
INSERT INTO Noticia VALUES(DEFAULT,'Que grande jogo! Esperei durante meses, dormi na fila durante horas mas fui o primeiro a comprar este grande jogo!','"Watch Dogs" vende 4 milhões de cópias em uma semana','2014-06-03','http://s2.glbimg.com/jkBEiqf846W7zsAARayZhg57Cd4=/300x225/s.glbimg.com/jo/g1/f/original/2014/05/29/sem-titulo-16.jpg',0,'wolowizard');
INSERT INTO Noticia VALUES(DEFAULT,'Para informar todas as pessoas que frequentam as instalações da FEUP'
	,'Uma vaga de assaltos nas imediações da Faculdade de Engenharia da Universidade do Porto (FEUP), que se tem vindo a acentuar nos últimos tempos, está a deixar os estudantes assustados.','2014-06-06','http://jpn.c2com.up.pt/imagens/feup_parque_estacionamento.jpg',0,'Zezinho_11');
INSERT INTO Noticia VALUES(DEFAULT,'Angelina Jolie não vai interpretar mais papéis no cinema. Após o filme autobiográfico de Cleópatra, a atriz norte-americana irá dedicar-se em exclusivo à realização.
A estrela de Hollywood tem estado ausente do cinema desde que contracenou com Johnny Depp em "O Turista", interpretando o papel de Elise Clifton-Ward, uma mulher misteriosa.
Agora regressa no novo filme de fantasia da Disney, "Maléfica", que tem estreia marcada em Portugal esta quinta-feira. A sua interpretação de rainha malvada já ocupa o primeiro lugar na Box Office dos Estados Unidos, arrebatando o filme "X-Men - Dias de um futuro esquecido".
Angelina Jolie tem sido uma das atrizes mais requisitadas de Hollywood durante 15 anos. A estrela de cinema protagonizou filmes bem conhecidos como "A Troca", "Mr. e Mrs. Smith", e a famosa adaptação ao cinema do popular vídeojogo "Tomb Raider", onde interpretou Lara Croft.','Angelina Jolie vai dedicar-se à realização','2014-06-03','http://www.jn.pt/Storage/JN/2014/big/ng3367136.jpg',0,'wolowizard');
INSERT INTO Noticia VALUES(DEFAULT,'Neste país faz-te tudo muito devagar...'
	,'Aprovada a realização de eleições primárias no PS a 28 de setembro.','2014-06-06','http://www.jn.pt/Storage/JN/2014/big/ng3373340.jpg',0,'JoaoCP');
INSERT INTO Noticia VALUES(DEFAULT,'E ainda se queixam de países em crise.. O que não falta é dinheiro'
	,'Procura de bilhetes para o Mundial três vezes superior à oferta','2014-06-06','http://www.jn.pt/Storage/JN/2014/big/ng3373064.JPG',0,'JPLeitao');
INSERT INTO Noticia VALUES(DEFAULT,'Cristina Scuccia, a freira sensação de 25 anos concorrente no "The Voice" italiano, venceu esta quinta-feira o concurso com 62% dos votos do público. A religiosa esperou pela aprovação do Papa Francisco para continuar em prova. Quem sabe, sabe!'
	,'Freira Cristina Scuccia vence "The Voice" italiano.','2014-06-06','<iframe width="640" height="360" src="//www.youtube.com/embed/TpaQYSd75Ak?feature=player_detailpage" frameborder="0" allowfullscreen></iframe>',0,'SrPinto');
INSERT INTO Noticia VALUES(DEFAULT,'Uma ativista das Femen destruiu a estátua de cera do presidente russo no museu Grévin, em Paris, com uma estaca de metal e enquanto gritava "Putin é um ditador"'
	,'Ativista das Femen esfaqueia Putin de cera em Paris','2014-06-05','http://www.jn.pt/Storage/JN/2014/big/ng3372587.jpg',0,'ferreirinha');
INSERT INTO Noticia VALUES(DEFAULT,'Achei por bem partilhar: Entre janeiro e março deste ano, a Santa Casa da Misericórdia de Lisboa já pagou 119 milhões de euros em prémios resultantes de apostas feitas no território nacional. O que corresponde a metade do total do dinheiro gasto pelos apostadores neste jogo no mesmo período de tempo: 238 milhões.  Os restantes 119 milhões vão reverter a favor dos beneficiários, tal como acontece com todos os jogos sociais. 
	Só com este jogo, a Santa Casa da Misericórdia de Lisboa (SCML) encaixou, por dia e em média, 1,32 milhões de euros a repartir pelo Estado e pela obra social.
No total do ano passado, a SCML registou um valor recorde nas apostas, cerca de 1790 milhões de euros, em todos os jogos - Euromilhões, Lotaria Instantânea, Totoloto, Lotaria Clássica, Joker, Lotaria Popular e Totobola. No primeiro trimestre de 2014, as vendas brutas destes jogos é de aproximadamente 453,7 milhões. O que, segundo a SCML, corresponde a um crescimento de 6,1% face ao período homólogo de 2013 (mais 26 milhões de euros).'
	,'Santa Casa ganha 1,3 milhões por dia com o Euromilhões','2014-06-06','http://www.jn.pt/Storage/JN/2014/medium/ng3373289.JPG',0,'wSoAwN');
INSERT INTO Noticia VALUES(DEFAULT,'Muito bom!'
	,'Angelina Jolie é a nova "Maléfica" ','2014-06-06','http://brightcove.vo.llnwd.net/d21/unsecured/media/659647086001/201406/1450/659647086001_3604937374001_mal420.jpg?pubId=659647086001',0,'JoaoCP');
INSERT INTO Noticia VALUES(DEFAULT,'O presidente norte-americano, Barack Obama, comparou, esta sexta-feira, a "grande geração" que derrotou Hitler com os militares que se alistaram nas forças armadas dos EUA após os atentados de 11 de Setembro e agora regressam das guerras no Iraque e Afeganistão. '
	,'Obama compara desembarque do Dia D com geração do 11 de Setembro" ','2014-06-06','http://www.jn.pt/Storage/JN/2014/big/ng3373862.jpg',0,'PMoreira');
INSERT INTO Noticia VALUES(DEFAULT,'Pedro Passos Coelho disse que os juízes do Tribunal Constitucional deveriam “ser melhores”'
	,'Oposição pede intervenção do Presidente, PSD desdramatiza" ','2014-06-06','http://imagens7.publico.pt/imagens.aspx/844017?tp=UH&db=IMAGENS',0,'PMoreira');
INSERT INTO Noticia VALUES(DEFAULT,'Um ministro de um estado indiano fez comentários controversos sobre a violação, numa altura em que a Índia acabou de ver mais um crime chocante, com duas adolescentes violadas por um grupo de homens, mortas e deixadas enforcadas numa árvore.
“Este é um crime social que depende de homens e mulheres. Às vezes é certo, outras vezes é errado”, disse Babulal Gaur, ministro do Interior do estado indiano do Madhya Pradesh (centro), e do partido BJP, do recém-eleito primeiro-ministro Narendra Modi. A violação só pode ser considerado crime, acrescentou, citado pela agência Reuters, se for feita queixa à polícia.'
	,'Ministro de estado indiano diz que violação “às vezes é certo, outras vezes é errado”" ','2014-06-06','http://imagens6.publico.pt/imagens.aspx/844096?tp=UH&db=IMAGENS&w=749',0,'donovan_95');

INSERT INTO Categoria VALUES('sports');
INSERT INTO Categoria VALUES('football');
INSERT INTO Categoria VALUES('cinema');
INSERT INTO Categoria VALUES('literature');
INSERT INTO Categoria VALUES('agriculture');
INSERT INTO Categoria VALUES('politics');
INSERT INTO Categoria VALUES('sex');
INSERT INTO Categoria VALUES('video-games');
INSERT INTO Categoria VALUES('news');
INSERT INTO Categoria VALUES('gastronomy');
INSERT INTO Categoria VALUES('culture');
INSERT INTO Categoria VALUES('meteorology');
INSERT INTO Categoria VALUES('motor sports');
INSERT INTO Categoria VALUES('technology');

INSERT INTO NoticiaCategoria VALUES(1,'sports');
INSERT INTO NoticiaCategoria VALUES(1,'football');
INSERT INTO NoticiaCategoria VALUES(2,'news');
INSERT INTO NoticiaCategoria VALUES(4,'video-games');
INSERT INTO NoticiaCategoria VALUES(3,'politics');
INSERT INTO NoticiaCategoria VALUES(6,'cinema');
INSERT INTO NoticiaCategoria VALUES(5,'news');
INSERT INTO NoticiaCategoria VALUES(4,'culture');

INSERT INTO AvaliarNoticia VALUES(DEFAULT,'JC_1993',1,1);
INSERT INTO AvaliarNoticia VALUES(DEFAULT,'JC_1993',2,1);
INSERT INTO AvaliarNoticia VALUES(DEFAULT,'wSoAwN',3,-1);
INSERT INTO AvaliarNoticia VALUES(DEFAULT,'SrPinto',1,-1);
INSERT INTO AvaliarNoticia VALUES(DEFAULT,'HardenOP',2,1);
INSERT INTO AvaliarNoticia VALUES(DEFAULT,'ferreirinha',2,-1);
INSERT INTO AvaliarNoticia VALUES(DEFAULT,'JC_1993',5,1);
INSERT INTO AvaliarNoticia VALUES(DEFAULT,'ferreirinha',5,1);
INSERT INTO AvaliarNoticia VALUES(DEFAULT,'SrPinto',5,1);
INSERT INTO AvaliarNoticia VALUES(DEFAULT,'wSoAwN',5,1);
INSERT INTO AvaliarNoticia VALUES(DEFAULT,'geof222',6,1);
INSERT INTO AvaliarNoticia VALUES(DEFAULT,'williamwall',6,1);
INSERT INTO AvaliarNoticia VALUES(DEFAULT,'ferreirinha',1,1);
INSERT INTO AvaliarNoticia VALUES(DEFAULT,'williamwall',2,1);
INSERT INTO AvaliarNoticia VALUES(DEFAULT,'SrPinto',2,-1);
INSERT INTO AvaliarNoticia VALUES(DEFAULT,'wolowizard',2,-1);
INSERT INTO AvaliarNoticia VALUES(DEFAULT,'tomscousin',2,-1);
INSERT INTO AvaliarNoticia VALUES(DEFAULT,'iamaspy',2,-1);
INSERT INTO AvaliarNoticia VALUES(DEFAULT,'tomscousin',2,-1);
INSERT INTO AvaliarNoticia VALUES(DEFAULT,'geof222',2,-1);
INSERT INTO AvaliarNoticia VALUES(DEFAULT,'tomscousin',6,1);
INSERT INTO AvaliarNoticia VALUES(DEFAULT,'williamwall',5,1);
INSERT INTO AvaliarNoticia VALUES(DEFAULT,'geof222',5,1);
INSERT INTO AvaliarNoticia VALUES(DEFAULT,'wSoAwN',5,1);
INSERT INTO AvaliarNoticia VALUES(DEFAULT,'SrPinto',5,1);
INSERT INTO AvaliarNoticia VALUES(DEFAULT,'ferreirinha',5,1);
INSERT INTO AvaliarNoticia VALUES(DEFAULT,'Zezinho_11',5,1);
INSERT INTO AvaliarNoticia VALUES(DEFAULT,'JPLeitao',5,1);
INSERT INTO AvaliarNoticia VALUES(DEFAULT,'wolowizard',5,1);
INSERT INTO AvaliarNoticia VALUES(DEFAULT,'PMoreira',5,1);
INSERT INTO AvaliarNoticia VALUES(DEFAULT,'AAntunesD',5,1);
INSERT INTO AvaliarNoticia VALUES(DEFAULT,'iamaspy',5,1);
INSERT INTO AvaliarNoticia VALUES(DEFAULT,'tomscousin',5,1);
INSERT INTO AvaliarNoticia VALUES(DEFAULT,'JoaoCP',5,1);
INSERT INTO AvaliarNoticia VALUES(DEFAULT,'NunoFer',5,1);


/*Editor,Noticia*/
INSERT INTO Comentario VALUES(DEFAULT,'Nao conhecia, mas estive a pesquisar na net e ele tem futuro','JC_1993',1);
INSERT INTO Comentario VALUES(DEFAULT,'Isto de ser bom pode ter os seus inconvenientes. Pode não saber gerir a carreira','SrPinto',1);
INSERT INTO Comentario VALUES(DEFAULT,'E ainda dizem que o crime compensa.','SrPinto',2);
INSERT INTO Comentario VALUES(DEFAULT,'Que falta de noção','JC_1993',2);
INSERT INTO Comentario VALUES(DEFAULT,'Eu acho que o que a comunicação social transmite é muito diferente do que se passa verdadeiramente.','wSoAwN',3); 
INSERT INTO Comentario VALUES(DEFAULT,'Além disso há muitos interesses por trás disto que nós desconhecemos.','wSoAwN',3); 
INSERT INTO Comentario VALUES(DEFAULT,'Ganda jogo! Demorei 3 dias a acabá-lo','JC_1993',4);
INSERT INTO Comentario VALUES(DEFAULT,'Até estou curioso para ver como se safa','wSoAwN',6);
INSERT INTO Comentario VALUES(DEFAULT,'Sou fã incondicional. Espero que brilhe como brilho como atriz','JC_1993',6);
INSERT INTO Comentario VALUES(DEFAULT,'Boa noticia','JC_1993',2);
INSERT INTO Comentario VALUES(DEFAULT,'Apoio.','ferreirinha',6);
INSERT INTO Comentario VALUES(DEFAULT,'Quando forem condenados vão aprender que o crime não compensa! lol','ferreirinha',2);
INSERT INTO Comentario VALUES(DEFAULT,'É essencial a intervenção policia neste caso.','wolowizard',5);
INSERT INTO Comentario VALUES(DEFAULT,'É uma vergonha. Uma pessoa já não pode andar descansada na rua.','geof222',5);

/* Editor,Comentario, Avaliacao*/
INSERT INTO AvaliarComentario VALUES(DEFAULT,'JC_1993',1,1);
INSERT INTO AvaliarComentario VALUES(DEFAULT,'JC_1993',2,1);
INSERT INTO AvaliarComentario VALUES(DEFAULT,'wSoAwN',3,-1);
INSERT INTO AvaliarComentario VALUES(DEFAULT,'SrPinto',1,-1);
INSERT INTO AvaliarComentario VALUES(DEFAULT,'ferreirinha',3,1);
INSERT INTO AvaliarComentario VALUES(DEFAULT,'SrPinto',3,1);
INSERT INTO AvaliarComentario VALUES(DEFAULT,'wSoAwN',2,-1);
INSERT INTO AvaliarComentario VALUES(DEFAULT,'HardenOP',5,-1);
INSERT INTO AvaliarComentario VALUES(DEFAULT,'geof222',2,1);
INSERT INTO AvaliarComentario VALUES(DEFAULT,'wolowizard',1,1);
INSERT INTO AvaliarComentario VALUES(DEFAULT,'williamwall',8,1);
INSERT INTO AvaliarComentario VALUES(DEFAULT,'williamwall',10,1);
INSERT INTO AvaliarComentario VALUES(DEFAULT,'ferreirinha',8,1);

INSERT INTO Mensagem VALUES(DEFAULT,'JC_1993','wSoAwN','sem titulo','Amanha bora la?');
INSERT INTO Mensagem VALUES(DEFAULT,'JC_1993','SrPinto','sem titulo','acho que nao');
INSERT INTO Mensagem VALUES(DEFAULT,'JC_1993','ferreirinha','sem titulo','nao me parece');
INSERT INTO Mensagem VALUES(DEFAULT,'wSoAwN','williamwall','sem titulo','olha, cenas aconteceram');
INSERT INTO Mensagem VALUES(DEFAULT,'SrPinto','JC_1993','sem titulo','olha, hoje nao vai pintar');
INSERT INTO Mensagem VALUES(DEFAULT,'SrPinto','JC_1993','sem titulo','amanha vais estar em casa? Podiamos adiar');
INSERT INTO Mensagem VALUES(DEFAULT,'wSoAwN','ferreirinha','boleia','Vais para a paragem de carro? Das-me boleia?');
INSERT INTO Mensagem VALUES(DEFAULT,'williamwall','HardenOP','Futebolada','Falta-nos uma pessoa para o futebolada de logo, podes vir?');


INSERT INTO Amizade VALUES('JC_1993','wSoAwN');
INSERT INTO Amizade VALUES('JC_1993','SrPinto');
INSERT INTO Amizade VALUES('JC_1993','ferreirinha');
INSERT INTO Amizade VALUES('wSoAwN','SrPinto');
INSERT INTO Amizade VALUES('ferreirinha','wSoAwN');
INSERT INTO Amizade VALUES('ferreirinha','SrPinto');
INSERT INTO Amizade VALUES('williamwall','wolowizard');
INSERT INTO Amizade VALUES('HardenOP','williamwall');
INSERT INTO Amizade VALUES('geof222','HardenOP');
INSERT INTO Amizade VALUES('iamaspy','williamwall');
INSERT INTO Amizade VALUES('HardenOP','iamaspy');
INSERT INTO Amizade VALUES('iamaspy','wolowizard');


INSERT INTO Link VALUES('http://www.jn.pt/PaginaInicial/Mundo/Interior.aspx?content_id=3957101','jn.pt');
INSERT INTO Link VALUES('http://www.publico.pt/mundo/noticia/obama-da-um-mes-a-putin-para-voltar-ao-caminho-da-lei-internacional-1638885','publico.pt');
INSERT INTO Link VALUES('http://g1.globo.com/tecnologia/games/noticia/2014/06/watch-dogs-vende-4-milhoes-de-copias-em-uma-semana.html','g1.globo.com');
INSERT INTO Link VALUES('http://jpn.c2com.up.pt/2014/06/06/onda_de_assaltos_no_polo_da_asprela_alarma_estudantes.html','jpn.c2com.up.pt');
INSERT INTO Link VALUES('http://www.jn.pt/PaginaInicial/Politica/Interior.aspx?content_id=3957251','jn.pt');
INSERT INTO Link VALUES('http://www.jn.pt/PaginaInicial/Desporto/Interior.aspx?content_id=3957235','jn.pt');
INSERT INTO Link VALUES('http://www.jn.pt/PaginaInicial/Sociedade/Media/Interior.aspx?content_id=3957927','jn.pt');
INSERT INTO Link VALUES('http://www.jn.pt/live/Programas/default.aspx?content_id=3951031&seccao=cinema','jn.pt');
INSERT INTO Link VALUES('http://www.jn.pt/PaginaInicial/Mundo/Interior.aspx?content_id=3958021','jn.pt');
INSERT INTO Link VALUES('http://www.publico.pt/politica/noticia/oposicao-pede-intervencao-do-presidente-psd-desdramatiza-1638903#/1','publico.pt');
INSERT INTO Link VALUES('http://www.publico.pt/mundo/noticia/ministro-de-estado-indiano-diz-que-violacao-as-vezes-e-certo-outras-vezes-e-errado-1638948','publico.pt');

/* Noticia, Link*/
INSERT INTO LinkNoticia VALUES(2,'http://www.jn.pt/PaginaInicial/Mundo/Interior.aspx?content_id=3957101');
INSERT INTO LinkNoticia VALUES(3,'http://www.publico.pt/mundo/noticia/obama-da-um-mes-a-putin-para-voltar-ao-caminho-da-lei-internacional-1638885');
INSERT INTO LinkNoticia VALUES(4,'http://g1.globo.com/tecnologia/games/noticia/2014/06/watch-dogs-vende-4-milhoes-de-copias-em-uma-semana.html');
INSERT INTO LinkNoticia VALUES(5,'http://jpn.c2com.up.pt/2014/06/06/onda_de_assaltos_no_polo_da_asprela_alarma_estudantes.html');
INSERT INTO LinkNoticia VALUES(7,'http://www.jn.pt/PaginaInicial/Politica/Interior.aspx?content_id=3957251');
INSERT INTO LinkNoticia VALUES(8,'http://www.jn.pt/PaginaInicial/Desporto/Interior.aspx?content_id=3957235');
INSERT INTO LinkNoticia VALUES(9,'http://www.jn.pt/PaginaInicial/Sociedade/Media/Interior.aspx?content_id=3957927');
INSERT INTO LinkNoticia VALUES(12,'http://www.jn.pt/live/Programas/default.aspx?content_id=3951031&seccao=cinema');
INSERT INTO LinkNoticia VALUES(13,'http://www.jn.pt/PaginaInicial/Mundo/Interior.aspx?content_id=3958021');
INSERT INTO LinkNoticia VALUES(14,'http://www.publico.pt/politica/noticia/oposicao-pede-intervencao-do-presidente-psd-desdramatiza-1638903#/1');
INSERT INTO LinkNoticia VALUES(15,'http://www.publico.pt/mundo/noticia/ministro-de-estado-indiano-diz-que-violacao-as-vezes-e-certo-outras-vezes-e-errado-1638948');

/* Editor, Categoria */
INSERT INTO Interesse VALUES('JC_1993','sports');
INSERT INTO Interesse VALUES('JC_1993','football');
INSERT INTO Interesse VALUES('JC_1993','cinema');
INSERT INTO Interesse VALUES('JC_1993','literature');
INSERT INTO Interesse VALUES('wSoAwN','sports');
INSERT INTO Interesse VALUES('SrPinto','cinema');
INSERT INTO Interesse VALUES('ferreirinha','news');
INSERT INTO Interesse VALUES('wSoAwN','sex');
INSERT INTO Interesse VALUES('SrPinto','video-games');
INSERT INTO Interesse VALUES('SrPinto','culture');
INSERT INTO Interesse VALUES('ferreirinha','sports');
INSERT INTO Interesse VALUES('ferreirinha','football');
INSERT INTO Interesse VALUES('SrPinto','sports');
INSERT INTO Interesse VALUES('wSoAwN','literature');
INSERT INTO Interesse VALUES('wSoAwN','motor sports');
INSERT INTO Interesse VALUES('williamwall','literature');
INSERT INTO Interesse VALUES('geof222','cinema');
INSERT INTO Interesse VALUES('geof222','culture');
INSERT INTO Interesse VALUES('williamwall','sports');
INSERT INTO Interesse VALUES('iamaspy','news');
INSERT INTO Interesse VALUES('iamaspy','video-games');
INSERT INTO Interesse VALUES('williamwall','video-games');
INSERT INTO Interesse VALUES('ferreirinha','video-games');
INSERT INTO Interesse VALUES('wolowizard','news');
INSERT INTO Interesse VALUES('wolowizard','video-games');